<?xml version="1.0"?>
<!DOCTYPE book PUBLIC "-//OASIS//DTD DocBook XML V4.3//EN"
               "http://www.oasis-open.org/docbook/xml/4.3/docbookx.dtd" [
  <!ENTITY % local.common.attrib "xmlns:xi  CDATA  #FIXED 'http://www.w3.org/2003/XInclude'">
  <!ENTITY version SYSTEM "version.xml">
]>
<book id="index">
  <bookinfo>
    <title>Raqm Reference Manual</title>
    <releaseinfo>
      This document is for Raqm &version;.
      The latest version of this documentation can be found on-line at
      <ulink role="online-location" url="http://host-oman.github.io/libraqm/">http://host-oman.github.io/libraqm/</ulink>.
    </releaseinfo>
  </bookinfo>

  <chapter>
    <title>Raqm API</title>
    <xi:include href="xml/raqm.xml"/>
  </chapter>
  <index id="api-index-full">
    <title>API Index</title>
    <xi:include href="xml/api-index-full.xml"/>
  </index>
  <index id="api-index-0-1" role="0.1">
    <title>Index of new symbols in 0.1.x</title>
    <xi:include href="xml/api-index-0.1.xml"/>
  </index>
  <index id="api-index-0-2" role="0.2">
    <title>Index of new symbols in 0.2.x</title>
    <xi:include href="xml/api-index-0.2.xml"/>
  </index>
  <index id="api-index-0-3" role="0.3">
    <title>Index of new symbols in 0.3.x</title>
    <xi:include href="xml/api-index-0.3.xml"/>
  </index>
  <index id="api-index-0-6" role="0.6">
    <title>Index of new symbols in 0.6.x</title>
    <xi:include href="xml/api-index-0.6.xml"/>
  </index>
  <index id="api-index-0-7" role="0.7">
    <title>Index of new symbols in 0.7.x</title>
    <xi:include href="xml/api-index-0.7.xml"/>
  </index>
  <!--index id="deprecated-api-index" role="deprecated">
    <title>Index of deprecated API</title>
    <xi:include href="xml/api-index-deprecated.xml"/>
  </index-->

  <xi:include href="xml/annotation-glossary.xml"/>

</book>
